<?xml version="1.0" encoding="ISO-8859-1"?>
<root>
	<item id="Title"><![CDATA[Discuz! Addon MD5]]></item>
	<item id="ID"><![CDATA[htt_robot.plugin]]></item>
	<item id="RevisionID"><![CDATA[63769]]></item>
	<item id="SN"><![CDATA[20161205197MjMVMqP0B]]></item>
	<item id="RevisionDateline"><![CDATA[1476514819]]></item>
	<item id="Data">
		<item id="/check.php"><![CDATA[e77b6b9b69154c2313cf85294e1c4da6]]></item>
		<item id="/discuz_plugin_htt_robot_SC_GBK.xml"><![CDATA[6993b5b5f6ab635fc363129c7e7334e0]]></item>
		<item id="/discuz_plugin_htt_robot_SC_UTF8.xml"><![CDATA[0bb944d2e60fe7847d509314b9031d62]]></item>
		<item id="/discuz_plugin_htt_robot_TC_BIG5.xml"><![CDATA[15de3dfd8bd4adb7b9cdef9cbc86c95a]]></item>
		<item id="/discuz_plugin_htt_robot_TC_UTF8.xml"><![CDATA[cec3c07a9a1dc3fe2f62aa67d559b071]]></item>
		<item id="/help.inc.php"><![CDATA[bc3ec396525f3de6d12500b23fc12fd7]]></item>
		<item id="/httrobot.class.php"><![CDATA[f276829bdd51e19df5cdc9e7a2a111cb]]></item>
		<item id="/index.html"><![CDATA[d41d8cd98f00b204e9800998ecf8427e]]></item>
		<item id="/install.php"><![CDATA[e6bb59c8a5aff815da514e0a5ae18ccf]]></item>
		<item id="/JSON.php"><![CDATA[3ce5a187c2869122f7cbcd14eec99447]]></item>
		<item id="/message.inc.php"><![CDATA[109710de23f9a54b7fee201be4cffc31]]></item>
		<item id="/more.inc.php"><![CDATA[1aae403784f3eb7dcd7937b063a9a530]]></item>
		<item id="/robot.inc.php"><![CDATA[1f776e2cac0a2310d6e085aa82461e50]]></item>
		<item id="/table/table_message.php"><![CDATA[7c4d44b121138f632b76fa39a1a43c60]]></item>
		<item id="/template/drag.js"><![CDATA[1ce4bad0578eec21b8589eea19d7e1f2]]></item>
		<item id="/template/draggabilly.pkgd.js"><![CDATA[12fc85b22aa665747181b1ad66a5b4c1]]></item>
		<item id="/template/draggabilly.pkgd.min.js"><![CDATA[1fca84931813b335b710bd1b69420e19]]></item>
		<item id="/template/help.htm"><![CDATA[b7bd56db26fa9465e9b202a6a740c3cf]]></item>
		<item id="/template/image/bglist.png"><![CDATA[785f5c73689e0e1677acee6530577029]]></item>
		<item id="/template/image/moli.jpg"><![CDATA[110b1308a8388505cda641b11128575e]]></item>
		<item id="/template/image/moli_help.jpg"><![CDATA[aa6cdbf731d3479b46def492c7b6d13f]]></item>
		<item id="/template/image/robot.jpg"><![CDATA[2202f2e71fa402a28ee565cbf78f6a1e]]></item>
		<item id="/template/image/robot.png"><![CDATA[36c2f58bfe3df8daa284a3eabf5e7ce0]]></item>
		<item id="/template/image/tuling.jpg"><![CDATA[ea027e64d8446ef62110e1eb60272ca9]]></item>
		<item id="/template/jquery.js"><![CDATA[a7e79cf95852da56ca69eec857f68515]]></item>
		<item id="/template/more.htm"><![CDATA[cf6cc3b973311a6b26384fad6d7d223f]]></item>
		<item id="/template/robot.htm"><![CDATA[f5dcee9c5056f7e185217c126cf363bf]]></item>
		<item id="/template/robot.js"><![CDATA[f246d4c681a91cd1750fdedde13f0b5c]]></item>
		<item id="/template/style.css"><![CDATA[8fabf72618f219a4f8c88a4009b6b7e0]]></item>
		<item id="/uninstall.php"><![CDATA[53ee335fc043a2c5223f846115c2b2fa]]></item>
	</item>
</root>