<?xml version="1.0" encoding="ISO-8859-1"?>
<root>
	<item id="Title"><![CDATA[Discuz! Addon MD5]]></item>
	<item id="ID"><![CDATA[mayi_nge.plugin]]></item>
	<item id="RevisionID"><![CDATA[30056]]></item>
	<item id="SN"><![CDATA[20161205171wdpNz4zb4]]></item>
	<item id="RevisionDateline"><![CDATA[1389772802]]></item>
	<item id="Data">
		<item id="/addon.inc.php"><![CDATA[29f0d2f01cfb0fda84a007fecdd90586]]></item>
		<item id="/discuz_plugin_mayi_nge_SC_GBK.xml"><![CDATA[3dd3dbfa3943ba78d14feccb2c30cfb3]]></item>
		<item id="/discuz_plugin_mayi_nge_SC_UTF8.xml"><![CDATA[2fe58156a0c10cf5b1ebc25b61f93414]]></item>
		<item id="/discuz_plugin_mayi_nge_TC_BIG5.xml"><![CDATA[a5cac1a8816c7414cb37682cc203908e]]></item>
		<item id="/discuz_plugin_mayi_nge_TC_UTF8.xml"><![CDATA[cb8b7e11fad73d223e9be63a1edc9937]]></item>
		<item id="/mayi_nge.class.php"><![CDATA[92c0628ef967923119d11ed7b7c4b0c3]]></item>
		<item id="/template/css/style.css"><![CDATA[c800e2d759b75140802d692361b6c1f3]]></item>
		<item id="/template/images/20121031101713523.jpg"><![CDATA[6a0a8fdef5f705171788c31ff92a9f63]]></item>
		<item id="/template/images/20121031104619326.jpg"><![CDATA[e7873d4e124fce0a8cdb6772e423b5a2]]></item>
		<item id="/template/images/20130117032639490.jpg"><![CDATA[2a646b0eb597f0e2b3767c51c9337732]]></item>
		<item id="/template/images/20130117033834961.jpg"><![CDATA[cce9ca8ba2b9b37c84a93e70d9bc1d48]]></item>
		<item id="/template/images/20130117035322587.jpg"><![CDATA[996fd0627abfbffa77c0d7d9dd6209c1]]></item>
		<item id="/template/js/bigpicroll.js"><![CDATA[0d3aeb08a7c83cabef1f5cb4b147e3d1]]></item>
		<item id="/template/mayi_nge.htm"><![CDATA[2654d794208b34b7f48e8ddd66d08f1c]]></item>
	</item>
</root>