<?xml version="1.0" encoding="ISO-8859-1"?>
<root>
	<item id="Title"><![CDATA[Discuz! Addon MD5]]></item>
	<item id="ID"><![CDATA[meoray_news.template]]></item>
	<item id="RevisionID"><![CDATA[68050]]></item>
	<item id="SN"><![CDATA[20161205170nVNj3BsJS]]></item>
	<item id="RevisionDateline"><![CDATA[1473976801]]></item>
	<item id="Data">
		<item id="/common/extend_common.css"><![CDATA[efcbb6e87f60ae31cf3736ff799a0be9]]></item>
		<item id="/common/extend_module.css"><![CDATA[8af83f7850bd26f21061d384448270e3]]></item>
		<item id="/common/extend_widthauto.css"><![CDATA[5b080dd559addbdf7148c7530e46a809]]></item>
		<item id="/common/font-awesome.min.css"><![CDATA[51006e1fcc2d98f1ffd63bcce16d85ce]]></item>
		<item id="/common/footer.php"><![CDATA[58680fd87b51fbcd56acf47f6244a343]]></item>
		<item id="/common/header.php"><![CDATA[afb0ba854cf85511a810ac3cdd0dc241]]></item>
		<item id="/common/header_userstatus.php"><![CDATA[891b9999eade484a784ff49327a1c699]]></item>
		<item id="/common/pubsearchform.php"><![CDATA[3d6ef920be1749419bfa3ba84cfebf5a]]></item>
		<item id="/discuz_style_meo_news.xml"><![CDATA[327b9c12f15beef9d3d13d76e6103e32]]></item>
		<item id="/font/fontawesome-webfont.eot"><![CDATA[32400f4e08932a94d8bfd2422702c446]]></item>
		<item id="/font/fontawesome-webfont.svg"><![CDATA[f775f9cca88e21d45bebe185b27c0e5b]]></item>
		<item id="/font/fontawesome-webfont.ttf"><![CDATA[a3de2170e4e9df77161ea5d3f31b2668]]></item>
		<item id="/font/fontawesome-webfont.woff"><![CDATA[a35720c2fed2c7f043bc7e4ffb45e073]]></item>
		<item id="/font/fontawesome-webfont.woff2"><![CDATA[db812d8a70a4e88e888744c1c9a27e89]]></item>
		<item id="/font/FontAwesome.otf"><![CDATA[87d8ca3ddc57e7d2da6226e480f90457]]></item>
		<item id="/forum/discuz.php"><![CDATA[f679aefc8f45e99c5c946d0ce12162c9]]></item>
		<item id="/forum/forumdisplay_subforum.php"><![CDATA[35747eb58e2818be36853589abbbf0b0]]></item>
		<item id="/images/forum.gif"><![CDATA[98e7f03fc51d3d16d57cd3306c4b8c11]]></item>
		<item id="/images/forum_new.gif"><![CDATA[01c29fcc49d2143e1b3b944fed8eb49f]]></item>
		<item id="/images/ico.png"><![CDATA[d5a472df282a88dd9a3ca9a1a71817f1]]></item>
		<item id="/images/logo.png"><![CDATA[e0ac9e6b30d5e5f5bb6161721eb8821c]]></item>
		<item id="/js/jquery.js"><![CDATA[13c0a5055cca7b2463b2f73701960b9e]]></item>
		<item id="/js/meo-news.js"><![CDATA[fb22d213271c38022dd12294ac6c690b]]></item>
		<item id="/js/nprogress.js"><![CDATA[094e662d40f0e2a40698a857178a5f01]]></item>
		<item id="/member/login_simple.php"><![CDATA[1ef756c89fa7893104204419b24b47cc]]></item>
		<item id="/preview.jpg"><![CDATA[3a346656420b1558ef67c80d573f9507]]></item>
		<item id="/preview_large.jpg"><![CDATA[b50a54e6300e25bdcccc1f92a5cc9c23]]></item>
	</item>
</root>