<?xml version="1.0" encoding="ISO-8859-1"?>
<root>
	<item id="Title"><![CDATA[Discuz! Addon MD5]]></item>
	<item id="ID"><![CDATA[meoray_diyidan.template]]></item>
	<item id="RevisionID"><![CDATA[69020]]></item>
	<item id="SN"><![CDATA[2016120517IttaAJ972A]]></item>
	<item id="RevisionDateline"><![CDATA[1476928805]]></item>
	<item id="Data">
		<item id="/common/common.css"><![CDATA[db81120812365c26fcddfcdec2e1ee76]]></item>
		<item id="/common/extend_common.css"><![CDATA[dc310ab209fa65cc6b582bb3159cf302]]></item>
		<item id="/common/extend_module.css"><![CDATA[93dbfba71ce94584d3463f937f29653c]]></item>
		<item id="/common/extend_widthauto.css"><![CDATA[8bfd5fb5da393cc7ab0ee93fa92751c0]]></item>
		<item id="/common/footer.php"><![CDATA[3bebd4219894defdb9296836535418b3]]></item>
		<item id="/common/header.php"><![CDATA[6c1947e3d0d3dbede36dde62e9c3d0d4]]></item>
		<item id="/common/header_userstatus.php"><![CDATA[b93f81cee2ddc34a3d72564f2dc17a6e]]></item>
		<item id="/common/pubsearchform.php"><![CDATA[6bc357f07b7e95c18a2567c6f9018732]]></item>
		<item id="/discuz_style_meomeng.xml"><![CDATA[19b953e0c1925e45b8ed242e17576c0e]]></item>
		<item id="/forum/discuz.php"><![CDATA[07b28af1747a582474b2b9956a9b71dc]]></item>
		<item id="/images/footer-bg.png"><![CDATA[be4e753ca85b6c201a082eed43823148]]></item>
		<item id="/images/forum.gif"><![CDATA[fb3717b0e83194b81386b863442e802e]]></item>
		<item id="/images/forum_new.gif"><![CDATA[01c29fcc49d2143e1b3b944fed8eb49f]]></item>
		<item id="/images/login.png"><![CDATA[0abd36de7d439f9d72bb304117ea4542]]></item>
		<item id="/images/logo.png"><![CDATA[9170c0997a4d2bfcd3fcf0bb514c61e2]]></item>
		<item id="/images/m-ico.png"><![CDATA[b2f19db24b4372a915d4fa4ef0ad37bb]]></item>
		<item id="/images/mico.png"><![CDATA[08cfa0d996c0ef063ce4f04f85d684fd]]></item>
		<item id="/js/jquery.js"><![CDATA[13c0a5055cca7b2463b2f73701960b9e]]></item>
		<item id="/js/scriptc.js"><![CDATA[36004abb9c552b58773f61e1cb603447]]></item>
		<item id="/member/login.htm"><![CDATA[fcf0972ad14c78ad4fa7ca8f4c2e2bd7]]></item>
		<item id="/member/login_simple.php"><![CDATA[1ef756c89fa7893104204419b24b47cc]]></item>
		<item id="/preview.jpg"><![CDATA[f4d73ad32a45dd39c1980662f73d3e12]]></item>
		<item id="/preview_large.jpg"><![CDATA[dc7498f641d9449ecefa1160e2b49126]]></item>
	</item>
</root>