<?xml version="1.0" encoding="ISO-8859-1"?>
<root>
	<item id="Title"><![CDATA[Discuz! Addon MD5]]></item>
	<item id="ID"><![CDATA[nimba_nge.plugin]]></item>
	<item id="RevisionID"><![CDATA[19395]]></item>
	<item id="SN"><![CDATA[2016120517MHNfDr2odh]]></item>
	<item id="RevisionDateline"><![CDATA[1461549601]]></item>
	<item id="Data">
		<item id="/addon.inc.php"><![CDATA[d687b6c1f4c5d3e08916b4361493eb98]]></item>
		<item id="/cache.inc.php"><![CDATA[b32624e893e5357415f5236e9860db95]]></item>
		<item id="/discuz_plugin_nimba_nge_SC_GBK.xml"><![CDATA[280221810ab11af24b8f179dc1d7933c]]></item>
		<item id="/discuz_plugin_nimba_nge_SC_UTF8.xml"><![CDATA[65686b5099782d89f6d5b00e0aa8f4bd]]></item>
		<item id="/discuz_plugin_nimba_nge_TC_BIG5.xml"><![CDATA[3ff8ebb19c3b3d30fba9f090b37dd21a]]></item>
		<item id="/discuz_plugin_nimba_nge_TC_UTF8.xml"><![CDATA[895f1550f6f9ec95999d944ca552be80]]></item>
		<item id="/hook.class.php"><![CDATA[f407e9e8d879681a9144dd271e7fccf4]]></item>
		<item id="/install.php"><![CDATA[ab169474f25b94efc38768bae446f76d]]></item>
		<item id="/template/nge.htm"><![CDATA[b26facc67aa2c5b7b3323568748632c1]]></item>
		<item id="/template/style.css"><![CDATA[e6616519430905d784227f66d83e8691]]></item>
		<item id="/uninstall.php"><![CDATA[cfd07150b78cd1cee827950731e5e5a5]]></item>
		<item id="/upgrade.php"><![CDATA[cfd07150b78cd1cee827950731e5e5a5]]></item>
	</item>
</root>