<?xml version="1.0" encoding="ISO-8859-1"?>
<root>
	<item id="Title"><![CDATA[Discuz! Addon MD5]]></item>
	<item id="ID"><![CDATA[toplist_7ree.plugin]]></item>
	<item id="RevisionID"><![CDATA[1846]]></item>
	<item id="SN"><![CDATA[201612051701CXk7XffF]]></item>
	<item id="RevisionDateline"><![CDATA[1474408801]]></item>
	<item id="Data">
		<item id="/desktopshotcut_7ree.inc.php"><![CDATA[1bffd18a5aa716929d32e19c681fc2b5]]></item>
		<item id="/discuz_plugin_toplist_7ree_SC_GBK.xml"><![CDATA[081f9821ab20b4f0725d67ef5b406cf0]]></item>
		<item id="/discuz_plugin_toplist_7ree_SC_UTF8.xml"><![CDATA[a7fcb3ddef317439e274f3b90b49c18e]]></item>
		<item id="/discuz_plugin_toplist_7ree_TC_BIG5.xml"><![CDATA[9348eec26138bb21d4a14b1146072c60]]></item>
		<item id="/discuz_plugin_toplist_7ree_TC_UTF8.xml"><![CDATA[0128860a84acab07f52db7c000608e3a]]></item>
		<item id="/index.html"><![CDATA[d41d8cd98f00b204e9800998ecf8427e]]></item>
		<item id="/more_7ree.inc.php"><![CDATA[93bd363912b301d3fed1d692b27f59e0]]></item>
		<item id="/template/images/close_7ree.gif"><![CDATA[c159982dd3e5fe1b974a16ea9f7da071]]></item>
		<item id="/template/images/focus.swf"><![CDATA[c16a7c6143f098472e52dd13de85527f]]></item>
		<item id="/template/images/index.html"><![CDATA[d41d8cd98f00b204e9800998ecf8427e]]></item>
		<item id="/template/images/key_7ree.gif"><![CDATA[65db6f7d7229f50605eac8eb06161270]]></item>
		<item id="/template/images/list.gif"><![CDATA[86c05b5dc4ded6b836bc7a5041ed419b]]></item>
		<item id="/template/images/list_7ree.gif"><![CDATA[86c05b5dc4ded6b836bc7a5041ed419b]]></item>
		<item id="/template/images/user_7ree.gif"><![CDATA[8a32e80c8d2ab4b86c7c5fc6afa0e619]]></item>
		<item id="/template/index.html"><![CDATA[d41d8cd98f00b204e9800998ecf8427e]]></item>
		<item id="/template/more_7ree.htm"><![CDATA[370c6906a4f160e07f5814dc128bedaf]]></item>
		<item id="/template/toplist_7ree.htm"><![CDATA[666ff13622774fafacf889d72077a5f6]]></item>
		<item id="/toplist_7ree.class.php"><![CDATA[14875d314dd38297f07b88a77c8d4136]]></item>
	</item>
</root>